Year,value
2010,8.475744
2011,8.868568
2012,9.202181
2013,6.02307
2014,10.788374
2015,6.647325
2016,7.387925
2017,5.180296